,carbon_intensity_ln,energy_digital_index_100,pgdp_ln,ind2_share,urban_rate
carbon_intensity_ln,1.0,-0.3812271510621908,-0.574714313335115,0.29935130149843625,-0.39343365997908086
energy_digital_index_100,-0.3812271510621908,1.0,0.27746626001825375,0.3183885483291075,0.05869114196473818
pgdp_ln,-0.574714313335115,0.27746626001825375,1.0,-0.1452768395201313,0.8691198467973386
ind2_share,0.29935130149843625,0.3183885483291075,-0.1452768395201313,1.0,-0.2669178124421278
urban_rate,-0.39343365997908086,0.05869114196473818,0.8691198467973386,-0.2669178124421278,1.0
