,carbon_intensity_ln,ED_core,pgdp_ln,pgdp_ln_sq,ind2_share,urban_rate,coal_share
carbon_intensity_ln,1.0,,-0.6006492814210777,-0.6026419144886618,0.25728778747832026,-0.4156824815360108,0.6462284805178268
ED_core,,,,,,,
pgdp_ln,-0.6006492814210777,,1.0,0.9997331532414467,-0.16381177505331665,0.872782989319663,-0.5448331075337428
pgdp_ln_sq,-0.6026419144886618,,0.9997331532414467,1.0,-0.17482799122048925,0.8741421490430487,-0.5510749635988617
ind2_share,0.25728778747832026,,-0.16381177505331665,-0.17482799122048925,1.0,-0.28814267366766894,0.6027957033107512
urban_rate,-0.4156824815360108,,0.872782989319663,0.8741421490430487,-0.28814267366766894,1.0,-0.5567708759246388
coal_share,0.6462284805178268,,-0.5448331075337428,-0.5510749635988617,0.6027957033107512,-0.5567708759246388,1.0
